Model,Accuracy,Precision,Recall,F1-score,ROC-AUC
Logistic Regression,0.8464344941956883,0.7326786688488817,0.5990187332738626,0.6591411042944785,0.904675129550732
Decision Tree,0.8059701492537313,0.6039265898420828,0.6311329170383586,0.6172300981461287,0.747334144313464
